,mse,rmse,r2_value,0
0,0.0003485199370488793,0.018668688680485282,0.4998272822541552,0
1,0.00024202300993318173,0.015557088735787995,0.6526646146549384,0
2,0.00021059161006125817,0.014511774876329158,0.697772876838205,0
3,0.00040207951699438167,0.020051920531320228,0.4229621224314313,0
4,0.00021989761254944662,0.014828945092266227,0.6844175187623368,0
